../../blog2012/blog20120425/,2012年04月25日 (水),【最近のできごと】
../../blog2012/blog20120521/,2012年05月21日 (月),【面白い店の名前】
../../blog2012/blog20120614/,2012年06月14日 (木),【リベンジ!!!!】
../../blog2012/blog20120704/,2012年07月04日 (水),【最高の食べ物】
../../blog2012/blog20120920/,2012年09月20日 (木),【夏休みの思い出】
../../blog2012/blog20121002/,2012年10月02日 (火),【面白かった本】
../../blog2012/blog20121025/,2012年10月25日 (木),【運動会の思い出】
../../blog2012/blog20121115/,2012年11月15日 (木),【５年前の私】
../../blog2012/blog20121206/,2012年12月06日 (木),【冬を感じたとき】
../../blog2012/blog20121217/,2012年12月17日 (月),【大事にしているもの】
../../blog2012/blog20130110/,2013年01月10日 (木),【へび年です。てれび戦士です。】
../../blog2012/blog20130118/,2013年01月18日 (金),【私のお正月】
../../blog2012/blog20130215/,2013年02月15日 (金),【２０１X年バレンタイン理想の告白】
../../blog2012/blog20130227/,2013年02月27日 (水),【もうすぐ春ですね】
../../blog2012/blog20130320/,2013年03月20日 (水),【今年度印象に残った企画：ベスト３】
../../blog2013/blog20130412/,2013年04月12日 (金),【私のはじめて物語】
../../blog2013/blog20130423/,2013年04月23日 (火),【人生の中で最高に恥ずかしかった失敗】
../../blog2013/blog20130510/,2013年05月10日 (金),【迷子になった思い出】
../../blog2013/blog20130604/,2013年06月04日 (火),【２０ＸＸ年、私の理想の結婚式】
../../blog2013/blog20130614/,2013年06月14日 (金),【私のアイドル】
../../blog2013/blog20130710/,2013年07月10日 (水),【私って「オタク」かも？】
../../blog2013/blog20130729/,2013年07月29日 (月),【私の朝はこうやって始まります】
../../blog2013/blog20130823/,2013年08月23日 (金),【わたしのペット】
../../blog2013/blog20130904/,2013年09月04日 (水),【ちょっと大人になったような気がしたとき】
../../blog2013/blog20130918/,2013年09月18日 (水),【自分を動物にたとえるなら】
../../blog2013/blog20131002/,2013年10月02日 (水),【２０２０年の私】
../../blog2013/blog20131028/,2013年10月28日 (月),【読書の秋２０１３】
../../blog2013/blog20131125/,2013年11月25日 (月),【我が家のお袋の味】
../../blog2013/blog20131209/,2013年12月09日 (月),【困っていること】
../../blog2013/blog20131230/,2013年12月30日 (月) ,【2013私の漢字】
../../blog2013/blog20140109/,2014年01月09日 (木),【あけましておめでとうございます】
../../blog2013/blog20140131/,2014年01月31日 (金),【今年の正月】
../../blog2013/blog20140218/,2014年02月18日 (火),【冬イベントの思い出】
../../blog2013/blog20140310/,2014年03月10日 (月),【私と「大！天才てれびくん」】