../../blog2014/blog20140411/,2014年4月11日 (金),新てれび戦士参上！
../../blog2014/blog20140423/,2014年4月23日 (水),未来の遊び大予想
../../blog2014/blog20140502/,2014年5月2日  (金),実はわたし○○なんです！
../../blog2014/blog20140528/,2014年5月28日 (水),未来の自分！
../../blog2014/blog20140609/,2014年6月9日  (月),小さな幸せ！
../../blog2014/blog20140623/,2014年6月23日 (月),雨の日には、Let's○○！
../../blog2014/blog20140709/,2014年7月9日  (水),私だけが知っている法則
../../blog2014/blog20140731/,2014年7月31日 (木),夏休みの自由研究は、これで決まり！
../../blog2014/blog20140902/,2014年9月2日  (火),夏ならではのお楽しみといえば・・・
../../blog2014/blog20140909/,2014年9月9日  (火),ここからの眺めが大好き！
../../blog2014/blog20141009/,2014年10月9日 (木),これを食べているときが幸せ！
../../blog2014/blog20141017/,2014年10月17日(金),今、挑戦したいことは...
../../blog2014/blog20141031/,2014年10月31日(金),最近知ってびっくりしたこと
../../blog2014/blog20141118/,2014年11月18日(火),思わず大笑いしてしまったこと
../../blog2014/blog20141212/,2014年12月12日(金),これだけは、やめられない...
../../blog2014/blog20141223/,2014年12月23日(火),不思議だなと思うこと
../../blog2014/blog20150113/,2015年1月13日 (火),2015年・私の目標
../../blog2014/blog20150206/,2015年2月6日  (金),これってキセキ！？
../../blog2014/blog20150302/,2015年3月2日  (月),○○でテンション上がる〜♪
../../blog2014/blog20150316/,2015年3月16日 (月),私の好きなニッポン
../../blog2014/blog20150326/,2015年3月26日 (木),4月から○○年生になります！
../../blog2015/blog20150421/,2015年4月21日 (火),もしも、わたしが○○だったら
../../blog2015/blog20150505/,2015年5月5日  (火),会ってみたい！
../../blog2015/blog20150519/,2015年5月19日 (火),私だけの決まりごと
../../blog2015/blog20150608/,2015年6月8日  (月),○○県が気になる
../../blog2015/blog20150624/,2015年6月24日 (水),やってみるもんだなぁ
../../blog2015/blog20150708/,2015年7月8日  (水),自分にとって『特別な言葉』 
../../blog2015/blog20150812/,2015年8月12日 (水),『 暑い日にはLet's ◯◯ 』
../../blog2015/blog20150828/,2015年8月28日 (金),『名前にまつわるエピソード』
../../blog2015/blog20150915/,2015年9月15日 (火),〇〇の秋
../../blog2015/blog20150925/,2015年9月25日 (金),夢の記憶
../../blog2015/blog20151005/,2015年10月5日 (月),私が好きなどちゃもん
../../blog2015/blog20151030/,2015年10月23日(金),色のいろいろ
../../blog2015/blog20151118/,2015年11月18日(水),私の元気の秘けつ！
../../blog2015/blog20151204/,2015年12月4日 (金),季節を感じる瞬間
../../blog2015/blog20151214/,2015年12月14日(月),私の学校でのお楽しみ！
../../blog2015/blog20160106/,2016年1月6日  (水),寒い日には Let's ○○！
../../blog2015/blog20160122/,2016年1月22日 (金),お気に入りの食べもの
../../blog2015/blog20160219/,2016年2月19日 (金),ステキなおくりもの
../../blog2015/blog20160225/,2016年2月25日 (木),とっておきの写真！
../../blog2015/blog20160310/,2016年3月10日 (木),「春はLet's ○○」