../../namanikki2010/namanikki20100408,２０１０年　４月８日（木）,水本凜、小川向陽
../../namanikki2010/namanikki20100415,２０１０年　４月１５日（木）,鎮西寿々歌、齊藤稜駿、當山優奈、田代ひかり
../../namanikki2010/namanikki20100422,２０１０年　４月２２日（木）,長江崚行、野村翔、風戸蘭七、寺田朱里エステル
../../namanikki2010/namanikki20100506,２０１０年　５月６日（木）,斎藤安里奈ダイアナ、水本凜
../../namanikki2010/namanikki20100513,２０１０年　５月１３日（木）,當山優奈、鎮西寿々歌、長江崚行
../../namanikki2010/namanikki20100520,２０１０年　５月２０日（木）,松岡美羽、木島杏奈、椋木ホセマルティン
../../namanikki2010/namanikki20100527,２０１０年　５月２７日（木）,上原陸、伊藤元太
../../namanikki2010/namanikki20100610,２０１０年　６月１０日（木）,矢部昌暉、野村翔、長江崚行
../../namanikki2010/namanikki20100617,２０１０年　６月１７日（木）,木島杏奈、小川向陽、伊藤元太、中村嘉惟人
../../namanikki2010/namanikki20100624,２０１０年　６月２４日（木）,風戸蘭七、當山優奈
../../namanikki2010/namanikki20100701,２０１０年　７月１日（木）,脇菜々香、岡田結実、金子凜太朗
../../namanikki2010/namanikki20100902,２０１０年　９月２日（木）,木島杏奈、金子凜太朗、斎藤安里奈ダイアナ
../../namanikki2010/namanikki20100909,２０１０年　９月９日（木）,水本凜、白坂奈々、風戸蘭七
../../namanikki2010/namanikki20100916,２０１０年　９月１６日（木）,脇菜々香、上原陸、寺田朱里エステル、松岡美羽
../../namanikki2010/namanikki20100923,２０１０年　９月２３日（木）,伊藤元太、田代ひかり、當山優奈
../../namanikki2010/namanikki20101007,２０１０年　１０月７日（木）,木島杏奈、寺田朱里エステル、松岡美羽
../../namanikki2010/namanikki20101014,２０１０年　１０月１４日（木）,白坂奈々、小川向陽、鎮西寿々歌
../../namanikki2010/namanikki20101021,２０１０年　１０月２１日（木）,當山優奈、木島杏奈、中村嘉惟人
../../namanikki2010/namanikki20101028,２０１０年　１０月２８日（木）,長江崚行、岡田結実、齊藤稜駿
../../namanikki2010/namanikki20101111,２０１０年　１１月１１日（木）,寺田朱里エステル、三井理陽、脇菜々香
../../namanikki2010/namanikki20101118,２０１０年　１１月１８日（木）,當山優奈、椋木ホセマルティン、岡田結実
../../namanikki2010/namanikki20101125,２０１０年　１１月２５日（木）,齊藤稜駿、斎藤安里奈ダイアナ、水本凜
../../namanikki2010/namanikki20101202,２０１０年　１２月２日（木）,松岡美羽、長江崚行、中村嘉惟人
../../namanikki2010/namanikki20110106,２０１１年　１月６日（木）,寺田朱里エステル、齊藤稜駿、斎藤安里奈ダイアナ
../../namanikki2010/namanikki20110113,２０１１年　１月１３日（木）,矢部昌暉、中村嘉惟人、三井理陽、田代ひかり
../../namanikki2010/namanikki20110120,２０１１年　１月２０日（木）,齊藤稜駿、木島杏奈
../../namanikki2010/namanikki20110127,２０１１年　１月２７日（木）,伊藤元太、長江崚行、松岡美羽
../../namanikki2010/namanikki20110210,２０１１年　２月１０日（木）,脇菜々香、野村翔、田代ひかり、松岡美羽
../../namanikki2010/namanikki20110217,２０１１年　２月１７日（木）,當山優奈、三井理陽、白坂奈々
../../namanikki2010/namanikki20110224,２０１１年　２月２４日（木）,水本凜、斎藤安里奈ダイアナ、浅野優惟
../../namanikki2010/namanikki20110303,２０１１年　３月３日（木）,てれび戦士2010

