../../blog2014/blog20140405/,2014年4月5日  (土),新てれび戦士参上！
../../blog2014/blog20140425/,2014年4月25日 (金),未来の遊び大予想
../../blog2014/blog20140507/,2014年5月7日  (水),実はわたし○○なんです！
../../blog2014/blog20140526/,2014年5月26日 (月),未来の自分！
../../blog2014/blog20140605/,2014年6月5日  (木),小さな幸せ！
../../blog2014/blog20140625/,2014年6月25日 (水),雨の日には、Let's○○！
../../blog2014/blog20140724/,2014年7月24日 (木),私だけが知っている法則
../../blog2014/blog20140812/,2014年8月12日 (火),夏休みの自由研究は、これで決まり！
../../blog2014/blog20140821/,2014年8月21日 (木),夏ならではのお楽しみといえば・・・
../../blog2014/blog20140911/,2014年9月11日 (木),ここからの眺めが大好き！
../../blog2014/blog20140926/,2014年9月26日 (金),これを食べているときが幸せ！
../../blog2014/blog20141015/,2014年10月15日(水),今、挑戦したいことは...
../../blog2014/blog20141112/,2014年11月12日(水),最近知ってびっくりしたこと
../../blog2014/blog20141126/,2014年11月26日(水),思わず大笑いしてしまったこと
../../blog2014/blog20141216/,2014年12月16日(火),これだけは、やめられない...
../../blog2014/blog20150106/,2015年1月6日  (火),不思議だなと思うこと
../../blog2014/blog20150115/,2015年1月15日 (木),2015年・私の目標
../../blog2014/blog20150212/,2015年2月12日 (木),これってキセキ！？
../../blog2014/blog20150224/,2015年2月24日 (火) ,○○でテンション上がる〜♪
../../blog2014/blog20150304/,2015年3月4日  (水),私の好きなニッポン
../../blog2015/blog20150403/,2015年4月3日  (金),4月から○○年生になります！
../../blog2015/blog20150417/,2015年4月17日 (金),もしも、わたしが○○だったら
../../blog2015/blog20150429/,2015年4月29日 (水),会ってみたい！
../../blog2015/blog20150513/,2015年5月13日 (水),私だけの決まりごと
../../blog2015/blog20150529/,2015年5月29日 (金),○○県が気になる
../../blog2015/blog20150612/,2015年6月12日 (金),やってみるもんだなぁ
../../blog2015/blog20150626/,2015年6月26日 (金),自分にとって『特別な言葉』
../../blog2015/blog20150722/,2015年7月22日 (水),とっておきの『夏の思い出』
../../blog2015/blog20150810/,2015年8月10日 (月),『 暑い日にはLet's ◯◯ 』
../../blog2015/blog20150824/,2015年8月24日 (月),『名前にまつわるエピソード』
../../blog2015/blog20150911/,2015年9月11日 (金),〇〇の秋
../../blog2015/blog20150929/,2015年9月29日 (火),夢の記憶 
../../blog2015/blog20151009/,2015年10月9日 (金),私が好きなどちゃもん
../../blog2015/blog20151027/,2015年10月27日(火) ,色のいろいろ
../../blog2015/blog20151120/,2015年11月20日(金),私の元気の秘けつ！
../../blog2015/blog20151202/,2015年12月2日 (水),季節を感じる瞬間
../../blog2015/blog20151224/,2015年12月24日(木),私の学校でのお楽しみ！
../../blog2015/blog20160118/,2016年1月18日 (月),寒い日には Let's ○○！
../../blog2015/blog20160201/,2016年2月1日  (月) ,お気に入りの食べもの
../../blog2015/blog20160211/,2016年2月11日 (木),ステキなおくりもの
../../blog2015/blog20160223/,2016年2月23日 (火),とっておきの写真！
../../blog2015/blog20160322/,2016年3月22日 (火),「春はLet's ○○」