../../blog2016/blog20160406/,2016年4月6日  (水),私の得意ワザ！
../../blog2016/blog20160421/,2016年4月21日 (木),去年より成長したこと！
../../blog2016/blog20160526/,2016年5月26日 (木),なくてはならないモノ
../../blog2016/blog20160608/,2016年6月8日  (水),初めて○○しました！
../../blog2016/blog20160623/,2016年6月23日 (木),大人になれば
../../blog2016/blog20160712/,2016年7月12日 (火),私の好きな『たりないドアー』！
../../blog2016/blog20160726/,2016年7月26日 (火) ,夏が来た！
../../blog2016/blog20160809/,2016年8月9日  (火),私の大発見！
../../blog2016/blog20160908/,2016年9月8日  (木),感動の瞬間
../../blog2016/blog20160930/,2016年9月30日 (金),○○県の思い出
../../blog2016/blog20161019/,2016年10月19日(水),好きな漢字
../../blog2016/blog20161103/,2016年11月3日 (木),○○にありがとう
../../blog2016/blog20161124/,2016年11月24日(木),○○になってみたい！
../../blog2016/blog20161213/,2016年12月13日(火),雪の思い出
../../blog2016/blog20161222/,2016年12月22日 (木),ゆく年くる年
../../blog2016/blog20170123/,2017年1月23日 (月),冬のお楽しみ
../../blog2016/blog20170213/,2017年2月13日 (月),私の"ファイト"
../../blog2016/blog20170222/,2017年2月22日 (水),ITAISENの○○さん
../../blog2016/blog20170314/,2017年3月14日 (火),100年後の未来
