../../blog2013/blog20130402/,2013年04月02日 (火),【私のはじめて物語】
../../blog2013/blog20130501/,2013年05月01日 (水),【人生の中で最高に恥ずかしかった失敗】
../../blog2013/blog20130520/,2013年05月20日 (月),【迷子になった思い出】
../../blog2013/blog20130611/,2013年06月11日 (火),【２０ＸＸ年、私の理想の結婚式】
../../blog2013/blog20130628/,2013年06月28日 (金),【私のアイドル】
../../blog2013/blog20130716/,2013年07月16日 (火),【私って「オタク」かも？】
../../blog2013/blog20130722/,2013年07月22日 (月),【私の朝はこうやって始まります】
../../blog2013/blog20130819/,2013年08月19日 (月),【わたしのペット】
../../blog2013/blog20130902/,2013年09月02日 (月),【ちょっと大人になったような気がしたとき】
../../blog2013/blog20130916/,2013年09月16日 (月),【自分を動物にたとえるなら】
../../blog2013/blog20131004/,2013年10月04日 (金),【２０２０年の私】
../../blog2013/blog20131101/,2013年11月01日 (金),【読書の秋２０１３】
../../blog2013/blog20131118/,2013年11月18日 (月),【我が家のお袋の味】
../../blog2013/blog20131212/,2013年12月12日 (木),【困っていること】
../../blog2013/blog20131226/,2013年12月26日 (木),【2013私の漢字】
../../blog2013/blog20140103/,2014年01月03日 (金),【あけましておめでとうございます】
../../blog2013/blog20140120/,2014年01月20日 (月) ,【今年の正月】
../../blog2013/blog20140214/,2014年02月14日 (金),【冬イベントの思い出】
../../blog2013/blog20140302/,2014年03月02日 (日),【私と「大！天才てれびくん」】