../../blog2014/blog20140410/,2014年4月10日 (木),新てれび戦士参上！
../../blog2014/blog20140422/,2014年4月22日 (火),未来の遊び大予想
../../blog2014/blog20140505/,2014年5月5日  (月),実はわたし○○なんです！
../../blog2014/blog20140529/,2014年5月29日 (木),未来の自分！
../../blog2014/blog20140610/,2014年6月10日 (火),小さな幸せ！
../../blog2014/blog20140624/,2014年6月24日 (火),雨の日には、Let's○○！
../../blog2014/blog20140711/,2014年7月25日 (金),私だけが知っている法則
../../blog2014/blog20140808/,2014年8月8日  (金),夏休みの自由研究は、これで決まり！
../../blog2014/blog20140820/,2014年8月20日 (水),夏ならではのお楽しみといえば・・・
../../blog2014/blog20140922/,2014年9月22日 (月),ここからの眺めが大好き！
../../blog2014/blog20141010/,2014年10月10日(金),これを食べているときが幸せ！
../../blog2014/blog20141024/,2014年10月24日(金),今、挑戦したいことは...
../../blog2014/blog20141030/,2014年10月30日(木),最近知ってびっくりしたこと
../../blog2014/blog20141121/,2014年11月21日(金),思わず大笑いしてしまったこと
../../blog2014/blog20141215/,2014年12月15日(月),これだけは、やめられない...
../../blog2014/blog20150107/,2015年1月7日  (水),不思議だなと思うこと
../../blog2014/blog20150119/,2015年1月19日 (月),2015年・私の目標
../../blog2014/blog20150211/,2015年2月11日 (水),これってキセキ！？
../../blog2014/blog20150223/,2015年2月23日 (月),○○でテンション上がる〜♪
../../blog2014/blog20150309/,2015年3月9日  (月),私の好きなニッポン
../../blog2014/blog20150325/,2015年3月25日 (水),4月から○○年生になります！
../../blog2015/blog20150410/,2015年4月10日 (金),もしも、わたしが○○だったら
../../blog2015/blog20150422/,2015年4月22日 (水),会ってみたい！
../../blog2015/blog20150512/,2015年5月12日 (火),私だけの決まりごと
../../blog2015/blog20150601/,2015年6月1日  (月),○○県が気になる
../../blog2015/blog20150623/,2015年6月23日 (火),やってみるもんだなぁ
../../blog2015/blog20150707/,2015年7月7日  (火),自分にとって『特別な言葉』 
../../blog2015/blog20150728/,2015年7月28日 (火),とっておきの『夏の思い出』
../../blog2015/blog20150811/,2015年8月11日 (火),『 暑い日にはLet's ◯◯ 』
../../blog2015/blog20150831/,2015年8月31日 (月),『名前にまつわるエピソード』
../../blog2015/blog20150910/,2015年9月10日 (木),〇〇の秋
../../blog2015/blog20151002/,2015年10月2日 (金),夢の記憶
../../blog2015/blog20151012/,2015年10月12日(月),私が好きなどちゃもん
../../blog2015/blog20151022/,2015年10月22日(木),色のいろいろ
../../blog2015/blog20151111/,2015年11月11日(水),私の元気の秘けつ！
../../blog2015/blog20151201/,2015年12月1日 (火),季節を感じる瞬間
../../blog2015/blog20151217/,2015年12月17日(木),私の学校でのお楽しみ！
../../blog2015/blog20160119/,2016年1月19日 (火),寒い日には Let's ○○！
../../blog2015/blog20160202/,2016年2月2日  (火),お気に入りの食べもの
../../blog2015/blog20160218/,2016年2月18日 (木),ステキなおくりもの
../../blog2015/blog20160301/,2016年3月1日  (火),とっておきの写真！
../../blog2015/blog20160325/,2016年3月25日 (金),「春はLet's ○○」