../../blog2016/blog20160408/,2016年4月8日  (金),私の得意ワザ！
../../blog2016/blog20160429/,2016年4月29日 (金),去年より成長したこと！
../../blog2016/blog20160516/,2016年5月16日 (月),なくてはならないモノ
../../blog2016/blog20160527/,2016年5月27日 (金),初めて○○しました！
../../blog2016/blog20160621/,2016年6月21日 (火),大人になれば
../../blog2016/blog20160706/,2016年7月6日  (水),私の好きな『たりないドアー』！
../../blog2016/blog20160725/,2016年7月25日 (月),夏が来た！
../../blog2016/blog20160811/,2016年8月11日 (木),私の大発見！
../../blog2016/blog20160830/,2016年8月30日 (火),感動の瞬間
../../blog2016/blog20160914/,2016年9月14日 (水),○○県の思い出
../../blog2016/blog20161005/,2016年10月5日 (水),好きな漢字
../../blog2016/blog20161024/,2016年10月24日(月),○○にありがとう
../../blog2016/blog20161122/,2016年11月22日(火),○○になってみたい！
../../blog2016/blog20161205/,2016年12月5日 (月),雪の思い出
../../blog2016/blog20161216/,2016年12月16日(金),ゆく年くる年
../../blog2016/blog20170109/,2017年1月9日  (月),冬のお楽しみ
../../blog2016/blog20170201/,2017年2月1日  (水),私の"ファイト"
../../blog2016/blog20170224/,2017年2月24日 (金),ITAISENの○○さん
../../blog2016/blog20170308/,2017年3月8日  (水),100年後の未来