../../blog2014/blog20140408/,2014年4月8日  (火),新てれび戦士参上！
../../blog2014/blog20140424/,2014年4月24日 (木),未来の遊び大予想
../../blog2014/blog20140514/,2014年5月14日 (水),実はわたし○○なんです！
../../blog2014/blog20140604/,2014年6月4日  (水),未来の自分！
../../blog2014/blog20140618/,2014年6月18日 (水),小さな幸せ！
../../blog2014/blog20140708/,2014年7月8日  (火),雨の日には、Let's○○！
../../blog2014/blog20140718/,2014年7月18日 (金),私だけが知っている法則
../../blog2014/blog20140730/,2014年7月30日 (水),夏休みの自由研究は、これで決まり！
../../blog2014/blog20140902/,2014年9月2日  (火),夏ならではのお楽しみといえば・・・
../../blog2014/blog20140924/,2014年9月24日 (水),ここからの眺めが大好き！
../../blog2014/blog20141008/,2014年10月8日 (水),これを食べているときが幸せ！
../../blog2014/blog20141020/,2014年10月20日(月),今、挑戦したいことは...
../../blog2014/blog20141113/,2014年11月13日(木),最近知ってびっくりしたこと
../../blog2014/blog20141125/,2014年11月25日(火),思わず大笑いしてしまったこと
../../blog2014/blog20141203/,2014年12月3日 (水),これだけは、やめられない...
../../blog2014/blog20141219/,2014年12月19日(金),不思議だなと思うこと
../../blog2014/blog20150122/,2015年1月22日 (木),2015年・私の目標
../../blog2014/blog20150130/,2015年1月30日 (金),これってキセキ！？
../../blog2014/blog20150213/,2015年2月13日 (金),○○でテンション上がる〜♪
../../blog2014/blog20150303/,2015年3月3日  (火),私の好きなニッポン
../../blog2014/blog20150331/,2015年3月31日 (火),4月から○○年生になります！
../../blog2015/blog20150420/,2015年4月20日 (月),もしも、わたしが○○だったら
../../blog2015/blog20150504/,2015年5月4日  (月),会ってみたい！
../../blog2015/blog20150520/,2015年5月20日 (水),私だけの決まりごと
../../blog2015/blog20150603/,2015年6月3日  (水),○○県が気になる
../../blog2015/blog20150617/,2015年6月17日 (水),やってみるもんだなぁ
../../blog2015/blog20150701/,2015年7月1日  (水),自分にとって『特別な言葉』
../../blog2015/blog20150721/,2015年7月21日 (火),とっておきの『夏の思い出』
../../blog2015/blog20150813/,2015年8月13日 (木),『 暑い日にはLet's ◯◯ 』
../../blog2015/blog20150827/,2015年8月27日 (木),『名前にまつわるエピソード』
../../blog2015/blog20150914/,2015年9月14日 (月),〇〇の秋
../../blog2015/blog20150924/,2015年9月24日 (木),夢の記憶
../../blog2015/blog20151014/,2015年10月14日(水),私が好きなどちゃもん
../../blog2015/blog20151026/,2015年10月26日(月),色のいろいろ
../../blog2015/blog20151123/,2015年11月23日(月),私の元気の秘けつ！
../../blog2015/blog20151203/,2015年12月3日 (木),季節を感じる瞬間
../../blog2015/blog20151211/,2015年12月11日(金),私の学校でのお楽しみ！
../../blog2015/blog20160105/,2016年1月5日  (火),寒い日には Let's ○○！
../../blog2015/blog20160125/,2016年1月25日 (月),お気に入りの食べもの
../../blog2015/blog20160216/,2016年2月16日 (火),ステキなおくりもの
../../blog2015/blog20160226/,2016年2月26日 (金),とっておきの写真！
../../blog2015/blog20160321/,2016年3月21日 (月),「春はLet's ○○」
../../blog2016/blog20160415/,2016年4月15日 (金),私の得意ワザ！
../../blog2016/blog20160506/,2016年5月6日  (金),去年より成長したこと！
../../blog2016/blog20160523/,2016年5月23日 (月),なくてはならないモノ
../../blog2016/blog20160609/,2016年6月9日  (木),初めて○○しました！
../../blog2016/blog20160622/,2016年6月22日 (水),大人になれば
../../blog2016/blog20160705/,2016年7月5日  (火),私の好きな『たりないドアー』！
../../blog2016/blog20160726/,2016年7月26日 (火),夏が来た！
../../blog2016/blog20160812/,2016年8月12日 (金),私の大発見！
../../blog2016/blog20160907/,2016年9月7日  (水),感動の瞬間
../../blog2016/blog20160919/,2016年9月19日 (月),○○県の思い出
../../blog2016/blog20161006/,2016年10月6日 (木),好きな漢字
../../blog2016/blog20161104/,2016年11月4日 (金),○○にありがとう
../../blog2016/blog20161121/,2016年11月21日(月),○○になってみたい！
../../blog2016/blog20161212/,2016年12月12日(月),雪の思い出
../../blog2016/blog20161223/,2016年12月23日(金),ゆく年くる年
../../blog2016/blog20170124/,2017年1月24日 (火),冬のお楽しみ
../../blog2016/blog20170206/,2017年2月6日  (月),私の"ファイト"
../../blog2016/blog20170217/,2017年2月17日 (金),ITAISENの○○さん
../../blog2016/blog20170315/,2017年3月15日 (水),100年後の未来