<a href="broadcasting-list/2021list/">,2021放送一覧
<a href="broadcasting-list/2020list/">,2020放送一覧
<a href="broadcasting-list/2019list/">,2019放送一覧
<a href="broadcasting-list/2018list/">,2018放送一覧
<a href="broadcasting-list/2017list/">,2017放送一覧
<a href="broadcasting-list/2016list/">,2016放送一覧
<a href="broadcasting-list/2015list/">,2015放送一覧
<a href="broadcasting-list/2014list/">,2014放送一覧
<a href="broadcasting-list/2013list/">,2013放送一覧
<a href="broadcasting-list/2012list/">,2012放送一覧
<a href="broadcasting-list/2011list/">,2011放送一覧
<a href="broadcasting-list/2010list/">,2010放送一覧
<a href="broadcasting-list/2009list/">,2009放送一覧
<a href="broadcasting-list/2008list/">,2008放送一覧
<a href="broadcasting-list/2007list/">,2007放送一覧
<a href="broadcasting-list/2006list/">,2006放送一覧
<a href="broadcasting-list/2005list/">,2005放送一覧
<a href="broadcasting-list/2004list/">,2004放送一覧
<a href="broadcasting-list/2003list/">,2003放送一覧
<a href="broadcasting-list/2002list/">,2002放送一覧