../../blog/higawarisenshi2008/,ひがわり戦士2008
../../blog/higawarisenshi2009/,ひがわり戦士2009
../../blog/higawarisenshi2010/,ひがわり戦士2010
../../bukatsudou/,天てれ部活動
../../dorama/tendora-max/,天ドラ（MAX）
../../dorama/yugeder/,ユゲデール物語
../../dorama/daimeikyu/,大迷宮冒険記
../../dorama/puccalino/,日付変更船プッカリーノ
../../conte/shogeibu/,こちらHK学園笑芸部！
../../mtk/dream5/,Dream5
../../mtk/his-cream/,HI's★cream
../../studio/senshitorishirabeshitsu/,戦士取調室
../../location/oshikake-2009/,おしかけ歌謡ショー
../../studio/recipe/,給食には出ない秘密レシピ
../../location/tabi-q/,天てれツアー旅ッQ
../../location/hanko-bingo/,日本全国ハンコビンゴの旅