<a href="../school-year/ttkdata2021/">,2021年度データ
<a href="../school-year/ttkdata2020/">,2020年度データ
<a href="../school-year/ttkdata2019/">,2019年度データ
<a href="../school-year/ttkdata2018/">,2018年度データ
<a href="../school-year/ttkdata2017/">,2017年度データ
<a href="../school-year/ttkdata2016/">,2016年度データ
<a href="../school-year/ttkdata2015/">,2015年度データ
<a href="../school-year/ttkdata2014/">,2014年度データ
<a href="../school-year/ttkdata2013/">,2013年度データ
<a href="../school-year/ttkdata2012/">,2012年度データ
<a href="../school-year/ttkdata2011/">,2011年度データ
<a href="../school-year/ttkdata2010/">,2010年度データ
<a href="../school-year/ttkdata2009/">,2009年度データ
<a href="../school-year/ttkdata2008/">,2008年度データ
<a href="../school-year/ttkdata2007/">,2007年度データ
<a href="../school-year/ttkdata2006/">,2006年度データ
<a href="../school-year/ttkdata2005/">,2005年度データ
<a href="../school-year/ttkdata2004/">,2004年度データ
<a href="../school-year/ttkdata2003/">,2003年度データ
<a href="../school-year/ttkdata2002/">,2002年度データ
<a href="../school-year/ttkdata2001/">,2001年度データ
<a href="../school-year/ttkdata2000/">,2000年度データ
<a href="../school-year/ttkdata1999/">,1999年度データ
<a href="../school-year/ttkdata1998/">,1998年度データ
<a href="../school-year/ttkdata1997/">,1997年度データ
<a href="../school-year/ttkdata1996/">,1996年度データ
<a href="../school-year/ttkdata1995/">,1995年度データ
<a href="../school-year/ttkdata1994/">,1994年度データ
<a href="../school-year/ttkdata1993/">,1993年度データ