../../blog2012/blog20120427/,2012年04月27日 (金),【最近のできごと】
../../blog2012/blog20120511/,2012年05月11日 (金),【たけのこほり】
../../blog2012/blog20120601/,2012年06月01日 (金),【テストー】
../../blog2012/blog20120703/,2012年07月03日 (火),【最高の食べ物】
../../blog2012/blog20120925/,2012年09月25日 (火),【夏休みの思い出】
../../blog2012/blog20121003/,2012年10月03日 (水),【面白かった本】]
../../blog2012/blog20121017/,2012年10月17日 (水),【運動会の思い出】
../../blog2012/blog20121116/,2012年11月16日 (金),【５年前の私】
../../blog2012/blog20121203/,2012年12月03日 (月),【冬を感じたとき】
../../blog2012/blog20121229/,2012年12月29日 (土),【大事にしているもの】
../../blog2012/blog20130116/,2013年01月16日 (水),【へび年です。てれび戦士です。】
../../blog2012/blog20130204/,2013年02月04日 (月),【私のお正月】
../../blog2012/blog20130220/,2013年02月20日 (水),【２０１X年バレンタイン理想の告白】
../../blog2012/blog20130304/,2013年03月04日 (月),【もうすぐ春ですね】
../../blog2012/blog20130319/,2013年03月19日 (火),【今年度印象に残った企画：ベスト３】
../../blog2013/blog20130403/,2013年04月03日 (水),【私のはじめて物語】
../../blog2013/blog20130418/,2013年04月18日 (木),【人生の中で最高に恥ずかしかった失敗】
../../blog2013/blog20130507/,2013年05月07日 (火),【迷子になった思い出】
../../blog2013/blog20130530/,2013年05月30日 (木),【２０ＸＸ年、私の理想の結婚式】
../../blog2013/blog20130617/,2013年06月17日 (月),【私のアイドル】
../../blog2013/blog20130715/,2013年07月15日 (月),【私って「オタク」かも？】
../../blog2013/blog20130805/,2013年08月05日 (月),【私の朝はこうやって始まります】
../../blog2013/blog20130826/,2013年08月26日 (月),【わたしのペット】
../../blog2013/blog20130905/,2013年09月05日 (木),【ちょっと大人になったような気がしたとき】
../../blog2013/blog20130917/,2013年09月17日 (火),【自分を動物にたとえるなら】
../../blog2013/blog20131007/,2013年10月07日 (月),【２０２０年の私】
../../blog2013/blog20131023/,2013年10月23日 (水),【読書の秋２０１３】
../../blog2013/blog20131113/,2013年11月13日 (水),【我が家のお袋の味】
../../blog2013/blog20131128/,2013年11月28日 (木),【困っていること】
../../blog2013/blog20131217/,2013年12月17日 (火),【2013私の漢字】
../../blog2013/blog20140107/,2014年01月07日 (火),【あけましておめでとうございます】
../../blog2013/blog20140130/,2014年01月30日 (木),【今年の正月】
../../blog2013/blog20140213/,2014年02月13日 (木),【冬イベントの思い出】
../../blog2013/blog20140303/,2014年03月03日 (月),【私と「大！天才てれびくん」】