../../blog2012/blog20120502/,2012年05月02日 (水) ,【最近のできごと】
../../blog2012/blog20120514/,2012年05月14日 (月) ,【最近ハマってる物】
../../blog2012/blog20120608/,2012年06月08日 (金),【ポップコーン】
../../blog2012/blog20120705/,2012年07月05日 (木),【最高の食べ物】
../../blog2012/blog20120912/,2012年09月12日 (水),【夏休みの思い出】
../../blog2012/blog20121005/,2012年10月05日 (金),【面白かった本】
../../blog2012/blog20121016/,2012年10月16日 (火),【運動会の思い出】
../../blog2012/blog20121106/,2012年11月06日 (火),【５年前の私】
../../blog2012/blog20121204/,2012年12月04日 (火),【冬を感じたとき】
../../blog2012/blog20121214/,2012年12月14日 (金),【大事にしているもの】
../../blog2012/blog20130101/,2013年01月01日 (火),【へび年です。てれび戦士です。】
../../blog2012/blog20130121/,2013年01月21日 (月),【私のお正月】
../../blog2012/blog20130208/,2013年02月08日 (金) ,【２０１X年バレンタイン理想の告白】
../../blog2012/blog20130307/,2013年03月07日 (木),【もうすぐ春ですね】
../../blog2012/blog20130326/,2013年03月26日 (火),【今年度印象に残った企画：ベスト３】
../../blog2013/blog20140317/,2014年03月17日 (月),【私と「大！天才てれびくん」】