../../blog2016/blog20160420/,2016年4月20日 (水),私の得意ワザ！
../../blog2016/blog20160503/,2016年5月3日  (火),去年より成長したこと！
../../blog2016/blog20160520/,2016年5月20日 (金),なくてはならないモノ
../../blog2016/blog20160531/,2016年5月31日 (火),初めて○○しました！
../../blog2016/blog20160629/,2016年6月29日 (水),大人になれば
../../blog2016/blog20160708/,2016年7月8日  (金),私の好きな『たりないドアー』！
../../blog2016/blog20160721/,2016年7月21日 (木),夏が来た！
../../blog2016/blog20160825/,2016年8月25日 (木),私の大発見！
../../blog2016/blog20160901/,2016年9月1日  (木),感動の瞬間
../../blog2016/blog20160928/,2016年9月28日 (水),○○県の思い出
../../blog2016/blog20161013/,2016年10月13日(木),好きな漢字
../../blog2016/blog20161101/,2016年11月1日 (火),○○にありがとう
../../blog2016/blog20161114/,2016年11月14日(月),○○になってみたい！
../../blog2016/blog20161201/,2016年12月1日 (木),雪の思い出
../../blog2016/blog20161214/,2016年12月14日(水),ゆく年くる年
../../blog2016/blog20170113/,2017年1月13日 (金),冬のお楽しみ
../../blog2016/blog20170207/,2017年2月7日  (火),私の"ファイト"
../../blog2016/blog20170216/,2017年2月16日 (木),ITAISENの○○さん
../../blog2016/blog20170310/,2017年3月10日 (金),100年後の未来